SKU,Product,30 capsules,60 capsules,90 capsules,120 capsules
BV-ASHW-500,Ashwagandha Root Extract 500mg,990,1790,2490,3190
BV-BIOTIN-5000,Biotin 5000mcg Capsules,880,1590,2190,2790
BV-CALMAG-90,Calcium Magnesium Complex (90ct),650,1150,1450,1850
BV-COLLA-300,Marine Collagen Powder 300g,,,,
BV-IMMUNE-SYR,Immunity Booster Syrup 200ml,,,,
BV-MULTI-30,Daily Multivitamin Capsules (30ct),1200,2150,2990,3790
BV-OMEGA3-60,Omega-3 Fish Oil Softgels (60ct),1050,1850,2650,3390
BV-PROB-20B,Probiotic 20 Billion CFU Capsules,2100,3790,5290,6690
BV-VITC-1000,Vitamin C 1000mg Tablets,850,1550,2150,2750
BV-ZINC-50,Zinc Picolinate 50mg Tablets,650,1150,1650,2090
